{
  "Ansi 7 Color (Light)" : {
    "Red Component" : 0.34117648005485535,
    "Color Space" : "sRGB",
    "Blue Component" : 0.47450980544090271,
    "Alpha Component" : 1,
    "Green Component" : 0.32156863808631897
  },
  "Ansi 15 Color (Light)" : {
    "Red Component" : 0.34117648005485535,
    "Color Space" : "sRGB",
    "Blue Component" : 0.47450980544090271,
    "Alpha Component" : 1,
    "Green Component" : 0.32156863808631897
  },
  "Ansi 2 Color (Light)" : {
    "Red Component" : 0.33725491166114807,
    "Color Space" : "sRGB",
    "Blue Component" : 0.62352943420410156,
    "Alpha Component" : 1,
    "Green Component" : 0.58039218187332153
  },
  "Bold Color" : {
    "Red Component" : 0.062745101749896975,
    "Color Space" : "sRGB",
    "Blue Component" : 0.062745101749896975,
    "Alpha Component" : 1,
    "Green Component" : 0.062745101749896975
  },
  "Ansi 1 Color (Dark)" : {
    "Red Component" : 0.92156863212585449,
    "Color Space" : "sRGB",
    "Blue Component" : 0.57254904508590698,
    "Alpha Component" : 1,
    "Green Component" : 0.43529412150382996
  },
  "Use Bright Bold" : true,
  "Ansi 9 Color (Light)" : {
    "Red Component" : 0.70588237047195435,
    "Color Space" : "sRGB",
    "Blue Component" : 0.47843137383460999,
    "Alpha Component" : 1,
    "Green Component" : 0.38823530077934265
  },
  "Ansi 8 Color (Dark)" : {
    "Red Component" : 0.5058823823928833,
    "Color Space" : "sRGB",
    "Blue Component" : 0.61176472902297974,
    "Alpha Component" : 1,
    "Green Component" : 0.48627451062202454
  },
  "Background Color" : {
    "Red Component" : 0.97999999999999998,
    "Color Space" : "sRGB",
    "Blue Component" : 0.97999999999999998,
    "Alpha Component" : 1,
    "Green Component" : 0.97999999999999998
  },
  "Columns" : 80,
  "Ansi 8 Color" : {
    "Red Component" : 0.40781760215759277,
    "Color Space" : "sRGB",
    "Blue Component" : 0.4078223705291748,
    "Alpha Component" : 1,
    "Green Component" : 0.40782788395881653
  },
  "Right Option Key Sends" : 0,
  "Ansi 4 Color (Light)" : {
    "Red Component" : 0.15686275064945221,
    "Color Space" : "sRGB",
    "Blue Component" : 0.51372551918029785,
    "Alpha Component" : 1,
    "Green Component" : 0.4117647111415863
  },
  "Blinking Cursor" : true,
  "Selected Text Color (Light)" : {
    "Red Component" : 0.34117648005485535,
    "Color Space" : "sRGB",
    "Blue Component" : 0.47450980544090271,
    "Alpha Component" : 1,
    "Green Component" : 0.32156863808631897
  },
  "Selected Text Color (Dark)" : {
    "Red Component" : 0.87843137979507446,
    "Color Space" : "sRGB",
    "Blue Component" : 0.95686274766921997,
    "Alpha Component" : 1,
    "Green Component" : 0.87058824300765991
  },
  "Cursor Type" : 2,
  "Keyboard Map" : {

  },
  "Ansi 3 Color (Dark)" : {
    "Red Component" : 0.96470588445663452,
    "Color Space" : "sRGB",
    "Blue Component" : 0.46666666865348816,
    "Alpha Component" : 1,
    "Green Component" : 0.75686275959014893
  },
  "Visual Bell" : true,
  "Cursor Text Color" : {
    "Red Component" : 1,
    "Color Space" : "sRGB",
    "Blue Component" : 1,
    "Alpha Component" : 1,
    "Green Component" : 1
  },
  "Scrollback Lines" : 1000,
  "Selection Color (Light)" : {
    "Red Component" : 0.93333333730697632,
    "Color Space" : "sRGB",
    "Blue Component" : 0.90196079015731812,
    "Alpha Component" : 1,
    "Green Component" : 0.91372549533843994
  },
  "Ansi 0 Color" : {
    "Red Component" : 0.078431375324726105,
    "Color Space" : "sRGB",
    "Blue Component" : 0.11764705926179886,
    "Alpha Component" : 1,
    "Green Component" : 0.098039217293262454
  },
  "Match Background Color (Dark)" : {
    "Red Component" : 1,
    "Color Space" : "P3",
    "Blue Component" : 0,
    "Alpha Component" : 1,
    "Green Component" : 1
  },
  "Ansi 11 Color (Light)" : {
    "Red Component" : 0.91764706373214722,
    "Color Space" : "sRGB",
    "Blue Component" : 0.20392157137393951,
    "Alpha Component" : 1,
    "Green Component" : 0.61568629741668701
  },
  "Ansi 5 Color (Dark)" : {
    "Red Component" : 0.76862746477127075,
    "Color Space" : "sRGB",
    "Blue Component" : 0.90588235855102539,
    "Alpha Component" : 1,
    "Green Component" : 0.65490198135375977
  },
  "Cursor Text Color (Light)" : {
    "Red Component" : 0.34117648005485535,
    "Color Space" : "sRGB",
    "Blue Component" : 0.47450980544090271,
    "Alpha Component" : 1,
    "Green Component" : 0.32156863808631897
  },
  "Silence Bell" : false,
  "Rows" : 25,
  "Draw Powerline Glyphs" : false,
  "Guid" : "FC924416-9DA9-4084-9485-8ADD83931B82",
  "Ansi 14 Color (Dark)" : {
    "Red Component" : 0.91764706373214722,
    "Color Space" : "sRGB",
    "Blue Component" : 0.59215688705444336,
    "Alpha Component" : 1,
    "Green Component" : 0.60392159223556519
  },
  "Ansi 15 Color (Dark)" : {
    "Red Component" : 0.87843137979507446,
    "Color Space" : "sRGB",
    "Blue Component" : 0.95686274766921997,
    "Alpha Component" : 1,
    "Green Component" : 0.87058824300765991
  },
  "Ansi 0 Color (Dark)" : {
    "Red Component" : 0.22352941334247589,
    "Color Space" : "sRGB",
    "Blue Component" : 0.32156863808631897,
    "Alpha Component" : 1,
    "Green Component" : 0.20784313976764679
  },
  "Ambiguous Double Width" : false,
  "Option Key Sends" : 0,
  "Ansi 3 Color" : {
    "Red Component" : 0.78058648109436035,
    "Color Space" : "sRGB",
    "Blue Component" : 0,
    "Alpha Component" : 1,
    "Green Component" : 0.76959484815597534
  },
  "Window Type" : 0,
  "BM Growl" : true,
  "Prompt Before Closing 2" : false,
  "Command" : "",
  "Selected Text Color" : {
    "Red Component" : 0,
    "Color Space" : "sRGB",
    "Blue Component" : 0,
    "Alpha Component" : 1,
    "Green Component" : 0
  },
  "Ansi 14 Color (Light)" : {
    "Red Component" : 0.84313726425170898,
    "Color Space" : "sRGB",
    "Blue Component" : 0.49411764740943909,
    "Alpha Component" : 1,
    "Green Component" : 0.50980395078659058
  },
  "Cursor Guide Color (Dark)" : {
    "Red Component" : 0.70213186740875244,
    "Color Space" : "sRGB",
    "Blue Component" : 1,
    "Alpha Component" : 0.25,
    "Green Component" : 0.9268307089805603
  },
  "ASCII Ligatures" : true,
  "Send Code When Idle" : false,
  "Ansi 6 Color" : {
    "Red Component" : 0,
    "Color Space" : "sRGB",
    "Blue Component" : 0.78166204690933228,
    "Alpha Component" : 1,
    "Green Component" : 0.77425903081893921
  },
  "Jobs to Ignore" : [
    "rlogin",
    "ssh",
    "slogin",
    "telnet"
  ],
  "Badge Color (Dark)" : {
    "Red Component" : 0.91764706373214722,
    "Color Space" : "sRGB",
    "Blue Component" : 0.59215688705444336,
    "Alpha Component" : 0.709014892578125,
    "Green Component" : 0.60392159223556519
  },
  "Cursor Color" : {
    "Red Component" : 0,
    "Color Space" : "sRGB",
    "Blue Component" : 0,
    "Alpha Component" : 1,
    "Green Component" : 0
  },
  "Vertical Spacing" : 1,
  "Disable Window Resizing" : true,
  "Close Sessions On End" : true,
  "Selection Color (Dark)" : {
    "Red Component" : 0.19215686619281769,
    "Color Space" : "sRGB",
    "Blue Component" : 0.26666668057441711,
    "Alpha Component" : 1,
    "Green Component" : 0.18431372940540314
  },
  "Default Bookmark" : "No",
  "Foreground Color (Light)" : {
    "Red Component" : 0.34117648005485535,
    "Color Space" : "sRGB",
    "Blue Component" : 0.47450980544090271,
    "Alpha Component" : 1,
    "Green Component" : 0.32156863808631897
  },
  "Custom Command" : "No",
  "Background Color (Dark)" : {
    "Red Component" : 0.13725490868091583,
    "Color Space" : "sRGB",
    "Blue Component" : 0.21176470816135406,
    "Alpha Component" : 1,
    "Green Component" : 0.12941177189350128
  },
  "Ansi 9 Color" : {
    "Red Component" : 0.8659515380859375,
    "Color Space" : "sRGB",
    "Blue Component" : 0.45833224058151245,
    "Alpha Component" : 1,
    "Green Component" : 0.47524076700210571
  },